careers,main_categories,sub_categories,tag
3D Modeler,AI Design Tools,AI 3D Modeling Software,3D Model
Interior Designer,AI Design Tools,AI 3D Modeling Software,3D Model
Aggregator Manager,AI Utility & Resources,AI Aggregators,Aggregators
AI Ethics Specialist,AI Data Tools,AI Research & Science Tools,Search
AI Ethics Specialist,AI Data Tools,AI Research & Science Tools,Search Engine
AI Ethics Specialist,AI Data Tools,AI Research & Science Tools,Research
AI Ethics Specialist,AI Data Tools,AI Research & Science Tools,Data
AI Ethics Specialist,AI Data Tools,AI Research & Science Tools,Data Analytics
AI Ethics Specialist,AI Data Tools,AI Research & Science Tools,Deep Learning
AI Ethics Specialist,AI Data Tools,AI Research & Science Tools,Predictive Analytics
AI Ethics Specialist,AI Data Tools,AI Research & Science Tools,NLP
AI Model Trainer,AI Data Tools,AI Research & Science Tools,Search
AI Model Trainer,AI Data Tools,AI Research & Science Tools,Search Engine
AI Model Trainer,AI Data Tools,AI Research & Science Tools,Research
AI Model Trainer,AI Data Tools,AI Research & Science Tools,Data
AI Model Trainer,AI Data Tools,AI Research & Science Tools,Data Analytics
AI Model Trainer,AI Data Tools,AI Research & Science Tools,Deep Learning
AI Model Trainer,AI Data Tools,AI Research & Science Tools,Predictive Analytics
AI Model Trainer,AI Data Tools,AI Research & Science Tools,NLP
AI Researcher,AI Data Tools,AI Research & Science Tools,Search
AI Researcher,AI Data Tools,AI Research & Science Tools,Search Engine
AI Researcher,AI Data Tools,AI Research & Science Tools,Research
AI Researcher,AI Data Tools,AI Research & Science Tools,Data
AI Researcher,AI Data Tools,AI Research & Science Tools,Data Analytics
AI Researcher,AI Data Tools,AI Research & Science Tools,Deep Learning
AI Researcher,AI Data Tools,AI Research & Science Tools,Predictive Analytics
AI Researcher,AI Data Tools,AI Research & Science Tools,NLP
Data Scientist,AI Data Tools,AI Research & Science Tools,Search
Data Scientist,AI Data Tools,AI Research & Science Tools,Search Engine
Data Scientist,AI Data Tools,AI Research & Science Tools,Research
Data Scientist,AI Data Tools,AI Research & Science Tools,Data
Data Scientist,AI Data Tools,AI Research & Science Tools,Data Analytics
Data Scientist,AI Data Tools,AI Research & Science Tools,Deep Learning
Data Scientist,AI Data Tools,AI Research & Science Tools,Predictive Analytics
Data Scientist,AI Data Tools,AI Research & Science Tools,NLP
Legal Advisor,AI Data Tools,AI Research & Science Tools,Search
Legal Advisor,AI Data Tools,AI Research & Science Tools,Search Engine
Legal Advisor,AI Data Tools,AI Research & Science Tools,Research
Legal Advisor,AI Data Tools,AI Research & Science Tools,Data
Legal Advisor,AI Data Tools,AI Research & Science Tools,Data Analytics
Legal Advisor,AI Data Tools,AI Research & Science Tools,Deep Learning
Legal Advisor,AI Data Tools,AI Research & Science Tools,Predictive Analytics
Legal Advisor,AI Data Tools,AI Research & Science Tools,NLP
Legal Tech Consultant,AI Data Tools,AI Research & Science Tools,Search
Legal Tech Consultant,AI Data Tools,AI Research & Science Tools,Search Engine
Legal Tech Consultant,AI Data Tools,AI Research & Science Tools,Research
Legal Tech Consultant,AI Data Tools,AI Research & Science Tools,Data
Legal Tech Consultant,AI Data Tools,AI Research & Science Tools,Data Analytics
Legal Tech Consultant,AI Data Tools,AI Research & Science Tools,Deep Learning
Legal Tech Consultant,AI Data Tools,AI Research & Science Tools,Predictive Analytics
Legal Tech Consultant,AI Data Tools,AI Research & Science Tools,NLP
LLM Specialist,AI Data Tools,AI Research & Science Tools,Search
LLM Specialist,AI Data Tools,AI Research & Science Tools,Search Engine
LLM Specialist,AI Data Tools,AI Research & Science Tools,Research
LLM Specialist,AI Data Tools,AI Research & Science Tools,Data
LLM Specialist,AI Data Tools,AI Research & Science Tools,Data Analytics
LLM Specialist,AI Data Tools,AI Research & Science Tools,Deep Learning
LLM Specialist,AI Data Tools,AI Research & Science Tools,Predictive Analytics
LLM Specialist,AI Data Tools,AI Research & Science Tools,NLP
UI/UX Researcher,AI Data Tools,AI Research & Science Tools,Search
UI/UX Researcher,AI Data Tools,AI Research & Science Tools,Search Engine
UI/UX Researcher,AI Data Tools,AI Research & Science Tools,Research
UI/UX Researcher,AI Data Tools,AI Research & Science Tools,Data
UI/UX Researcher,AI Data Tools,AI Research & Science Tools,Data Analytics
UI/UX Researcher,AI Data Tools,AI Research & Science Tools,Deep Learning
UI/UX Researcher,AI Data Tools,AI Research & Science Tools,Predictive Analytics
UI/UX Researcher,AI Data Tools,AI Research & Science Tools,NLP
Audio Engineer,AI Audio Tools,AI Audio Editing Tools,Audio
Audio Engineer,AI Audio Tools,AI Audio Editing Tools,Audio Editing
Music Producer,AI Audio Tools,AI Audio Editing Tools,Audio
Music Producer,AI Audio Tools,AI Audio Editing Tools,Audio Editing
Voiceover Artist,AI Audio Tools,AI Audio Editing Tools,Audio
Voiceover Artist,AI Audio Tools,AI Audio Editing Tools,Audio Editing
Video Editor,AI Audio Tools,AI Audio Editing Tools,Audio
Video Editor,AI Audio Tools,AI Audio Editing Tools,Audio Editing
Automation Engineer,AI Productivity,AI Automation Tools,Automation
Automation Engineer,AI Productivity,AI Automation Tools,Macros
Automation Engineer,AI Productivity,AI Automation Tools,Productivity
Automation Engineer,AI Productivity,AI Automation Tools,AI Workflow
Automation Engineer,AI Productivity,AI Automation Tools,Scheduling
Automation Engineer,AI Productivity,AI Automation Tools,API
Automation Engineer,AI Productivity,AI Automation Tools,Integration
DevOps Engineer,AI Productivity,AI Automation Tools,Automation
DevOps Engineer,AI Productivity,AI Automation Tools,Macros
DevOps Engineer,AI Productivity,AI Automation Tools,Productivity
DevOps Engineer,AI Productivity,AI Automation Tools,AI Workflow
DevOps Engineer,AI Productivity,AI Automation Tools,Scheduling
DevOps Engineer,AI Productivity,AI Automation Tools,API
DevOps Engineer,AI Productivity,AI Automation Tools,Integration
Email Automation Specialist,AI Productivity,AI Automation Tools,Automation
Email Automation Specialist,AI Productivity,AI Automation Tools,Macros
Email Automation Specialist,AI Productivity,AI Automation Tools,Productivity
Email Automation Specialist,AI Productivity,AI Automation Tools,AI Workflow
Email Automation Specialist,AI Productivity,AI Automation Tools,Scheduling
Email Automation Specialist,AI Productivity,AI Automation Tools,API
Email Automation Specialist,AI Productivity,AI Automation Tools,Integration
Marketing Automation Expert,AI Productivity,AI Automation Tools,Automation
Marketing Automation Expert,AI Productivity,AI Automation Tools,Macros
Marketing Automation Expert,AI Productivity,AI Automation Tools,Productivity
Marketing Automation Expert,AI Productivity,AI Automation Tools,AI Workflow
Marketing Automation Expert,AI Productivity,AI Automation Tools,Scheduling
Marketing Automation Expert,AI Productivity,AI Automation Tools,API
Marketing Automation Expert,AI Productivity,AI Automation Tools,Integration
Autonomous Security Engineer,AI Security Tools,AI Autonomous Security Tools,AI Detection
Autonomous Security Engineer,AI Security Tools,AI Autonomous Security Tools,Autonomous AI
Cybersecurity Analyst,AI Security Tools,AI Autonomous Security Tools,AI Detection
Cybersecurity Analyst,AI Security Tools,AI Autonomous Security Tools,Autonomous AI
Blockchain Consultant,AI Finance Tools,AI Blockchain Tools,Crypto
Blockchain Consultant,AI Finance Tools,AI Blockchain Tools,Blockchain
Blockchain Consultant,AI Finance Tools,AI Blockchain Tools,Trading
Blockchain Developer,AI Finance Tools,AI Blockchain Tools,Crypto
Blockchain Developer,AI Finance Tools,AI Blockchain Tools,Blockchain
Blockchain Developer,AI Finance Tools,AI Blockchain Tools,Trading
Business Analyst,AI Business Tools,AI Business Management Tools,Business
Business Analyst,AI Business Tools,AI Business Management Tools,Entrepreneurship
Business Analyst,AI Business Tools,AI Business Management Tools,Startups
Business Analyst,AI Business Tools,AI Business Management Tools,AI Workflow
Business Analyst,AI Business Tools,AI Business Management Tools,Analysis
Business Analyst,AI Business Tools,AI Business Management Tools,Brainstorming
CRM Specialist,AI Business Tools,AI Business Management Tools,Business
CRM Specialist,AI Business Tools,AI Business Management Tools,Entrepreneurship
CRM Specialist,AI Business Tools,AI Business Management Tools,Startups
CRM Specialist,AI Business Tools,AI Business Management Tools,AI Workflow
CRM Specialist,AI Business Tools,AI Business Management Tools,Analysis
CRM Specialist,AI Business Tools,AI Business Management Tools,Brainstorming
Productivity Consultant,AI Business Tools,AI Business Management Tools,Business
Productivity Consultant,AI Business Tools,AI Business Management Tools,Entrepreneurship
Productivity Consultant,AI Business Tools,AI Business Management Tools,Startups
Productivity Consultant,AI Business Tools,AI Business Management Tools,AI Workflow
Productivity Consultant,AI Business Tools,AI Business Management Tools,Analysis
Productivity Consultant,AI Business Tools,AI Business Management Tools,Brainstorming
Project Coordinator,AI Business Tools,AI Business Management Tools,Business
Project Coordinator,AI Business Tools,AI Business Management Tools,Entrepreneurship
Project Coordinator,AI Business Tools,AI Business Management Tools,Startups
Project Coordinator,AI Business Tools,AI Business Management Tools,AI Workflow
Project Coordinator,AI Business Tools,AI Business Management Tools,Analysis
Project Coordinator,AI Business Tools,AI Business Management Tools,Brainstorming
Project Manager,AI Business Tools,AI Business Management Tools,Business
Project Manager,AI Business Tools,AI Business Management Tools,Entrepreneurship
Project Manager,AI Business Tools,AI Business Management Tools,Startups
Project Manager,AI Business Tools,AI Business Management Tools,AI Workflow
Project Manager,AI Business Tools,AI Business Management Tools,Analysis
Project Manager,AI Business Tools,AI Business Management Tools,Brainstorming
Aggregator Manager,AI Business Tools,AI Business Management Tools,Business
Aggregator Manager,AI Business Tools,AI Business Management Tools,Entrepreneurship
Aggregator Manager,AI Business Tools,AI Business Management Tools,Startups
Aggregator Manager,AI Business Tools,AI Business Management Tools,AI Workflow
Aggregator Manager,AI Business Tools,AI Business Management Tools,Analysis
Aggregator Manager,AI Business Tools,AI Business Management Tools,Brainstorming
Educational Technologist,AI Business Tools,AI Business Management Tools,Business
Educational Technologist,AI Business Tools,AI Business Management Tools,Entrepreneurship
Educational Technologist,AI Business Tools,AI Business Management Tools,Startups
Educational Technologist,AI Business Tools,AI Business Management Tools,AI Workflow
Educational Technologist,AI Business Tools,AI Business Management Tools,Analysis
Educational Technologist,AI Business Tools,AI Business Management Tools,Brainstorming
File Manager Specialist,AI Business Tools,AI Business Management Tools,Business
File Manager Specialist,AI Business Tools,AI Business Management Tools,Entrepreneurship
File Manager Specialist,AI Business Tools,AI Business Management Tools,Startups
File Manager Specialist,AI Business Tools,AI Business Management Tools,AI Workflow
File Manager Specialist,AI Business Tools,AI Business Management Tools,Analysis
File Manager Specialist,AI Business Tools,AI Business Management Tools,Brainstorming
File System Organizer,AI Business Tools,AI Business Management Tools,Business
File System Organizer,AI Business Tools,AI Business Management Tools,Entrepreneurship
File System Organizer,AI Business Tools,AI Business Management Tools,Startups
File System Organizer,AI Business Tools,AI Business Management Tools,AI Workflow
File System Organizer,AI Business Tools,AI Business Management Tools,Analysis
File System Organizer,AI Business Tools,AI Business Management Tools,Brainstorming
Presentation Specialist,AI Business Tools,AI Business Management Tools,Business
Presentation Specialist,AI Business Tools,AI Business Management Tools,Entrepreneurship
Presentation Specialist,AI Business Tools,AI Business Management Tools,Startups
Presentation Specialist,AI Business Tools,AI Business Management Tools,AI Workflow
Presentation Specialist,AI Business Tools,AI Business Management Tools,Analysis
Presentation Specialist,AI Business Tools,AI Business Management Tools,Brainstorming
Real Estate Technology Consultant,AI Business Tools,AI Business Management Tools,Business
Real Estate Technology Consultant,AI Business Tools,AI Business Management Tools,Entrepreneurship
Real Estate Technology Consultant,AI Business Tools,AI Business Management Tools,Startups
Real Estate Technology Consultant,AI Business Tools,AI Business Management Tools,AI Workflow
Real Estate Technology Consultant,AI Business Tools,AI Business Management Tools,Analysis
Real Estate Technology Consultant,AI Business Tools,AI Business Management Tools,Brainstorming
Chatbot Analyst,AI Assistants,AI Chatbot Tools,Chat
Chatbot Analyst,AI Assistants,AI Chatbot Tools,Chatbot
Chatbot Developer,AI Assistants,AI Chatbot Tools,Chat
Chatbot Developer,AI Assistants,AI Chatbot Tools,Chatbot
Content Writer,AI Text Tools,Advanced AI Text Generators,Books and Authors
Content Writer,AI Text Tools,Advanced AI Text Generators,Copywriting
Content Writer,AI Text Tools,Advanced AI Text Generators,Essays
Content Writer,AI Text Tools,Advanced AI Text Generators,Writing
Content Writer,AI Text Tools,Advanced AI Text Generators,Text Generation
Content Writer,AI Text Tools,Advanced AI Text Generators,Transcription
Content Writer,AI Text Tools,Advanced AI Text Generators,Content Creation
CRM Specialist,AI Business Tools,AI CRM & Sales Tools,E-Commerce
CRM Specialist,AI Business Tools,AI CRM & Sales Tools,CRM
CRM Specialist,AI Business Tools,AI CRM & Sales Tools,Sales
Sales Representative,AI Business Tools,AI CRM & Sales Tools,E-Commerce
Sales Representative,AI Business Tools,AI CRM & Sales Tools,CRM
Sales Representative,AI Business Tools,AI CRM & Sales Tools,Sales
HR Specialist,AI Business Tools,AI CRM & Sales Tools,E-Commerce
HR Specialist,AI Business Tools,AI CRM & Sales Tools,CRM
HR Specialist,AI Business Tools,AI CRM & Sales Tools,Sales
Marketing Manager,AI Business Tools,AI CRM & Sales Tools,E-Commerce
Marketing Manager,AI Business Tools,AI CRM & Sales Tools,CRM
Marketing Manager,AI Business Tools,AI CRM & Sales Tools,Sales
Real Estate Agent,AI Business Tools,AI CRM & Sales Tools,E-Commerce
Real Estate Agent,AI Business Tools,AI CRM & Sales Tools,CRM
Real Estate Agent,AI Business Tools,AI CRM & Sales Tools,Sales
Real Estate Technology Consultant,AI Business Tools,AI CRM & Sales Tools,E-Commerce
Real Estate Technology Consultant,AI Business Tools,AI CRM & Sales Tools,CRM
Real Estate Technology Consultant,AI Business Tools,AI CRM & Sales Tools,Sales
Travel Consultant,AI Business Tools,AI CRM & Sales Tools,E-Commerce
Travel Consultant,AI Business Tools,AI CRM & Sales Tools,CRM
Travel Consultant,AI Business Tools,AI CRM & Sales Tools,Sales
Travel Technology Specialist,AI Business Tools,AI CRM & Sales Tools,E-Commerce
Travel Technology Specialist,AI Business Tools,AI CRM & Sales Tools,CRM
Travel Technology Specialist,AI Business Tools,AI CRM & Sales Tools,Sales
Business Analyst,AI Business Tools,AI CRM & Sales Tools,E-Commerce
Business Analyst,AI Business Tools,AI CRM & Sales Tools,CRM
Business Analyst,AI Business Tools,AI CRM & Sales Tools,Sales
E-commerce Manager,AI Business Tools,AI CRM & Sales Tools,E-Commerce
E-commerce Manager,AI Business Tools,AI CRM & Sales Tools,CRM
E-commerce Manager,AI Business Tools,AI CRM & Sales Tools,Sales
Email Marketing Specialist,AI Business Tools,AI CRM & Sales Tools,E-Commerce
Email Marketing Specialist,AI Business Tools,AI CRM & Sales Tools,CRM
Email Marketing Specialist,AI Business Tools,AI CRM & Sales Tools,Sales
Legal Advisor,AI Business Tools,AI CRM & Sales Tools,E-Commerce
Legal Advisor,AI Business Tools,AI CRM & Sales Tools,CRM
Legal Advisor,AI Business Tools,AI CRM & Sales Tools,Sales
Marketing Automation Expert,AI Business Tools,AI CRM & Sales Tools,E-Commerce
Marketing Automation Expert,AI Business Tools,AI CRM & Sales Tools,CRM
Marketing Automation Expert,AI Business Tools,AI CRM & Sales Tools,Sales
Project Coordinator,AI Business Tools,AI CRM & Sales Tools,E-Commerce
Project Coordinator,AI Business Tools,AI CRM & Sales Tools,CRM
Project Coordinator,AI Business Tools,AI CRM & Sales Tools,Sales
Project Manager,AI Business Tools,AI CRM & Sales Tools,E-Commerce
Project Manager,AI Business Tools,AI CRM & Sales Tools,CRM
Project Manager,AI Business Tools,AI CRM & Sales Tools,Sales
Cybersecurity Analyst,AI Security Tools,AI Cybersecurity Tools,Privacy
Cybersecurity Analyst,AI Security Tools,AI Cybersecurity Tools,Security
Cybersecurity Trainer,AI Security Tools,AI Cybersecurity Tools,Privacy
Cybersecurity Trainer,AI Security Tools,AI Cybersecurity Tools,Security
Autonomous Security Engineer,AI Security Tools,AI Cybersecurity Tools,Privacy
Autonomous Security Engineer,AI Security Tools,AI Cybersecurity Tools,Security
Detection Systems Analyst,AI Security Tools,AI Cybersecurity Tools,Privacy
Detection Systems Analyst,AI Security Tools,AI Cybersecurity Tools,Security
Data Scientist,AI Data Tools,AI Data Management Tools,Data
Data Scientist,AI Data Tools,AI Data Management Tools,Data Analytics
Data Scientist,AI Data Tools,AI Data Management Tools,Excel
Data Scientist,AI Data Tools,AI Data Management Tools,Spreadsheets
Data Scientist,AI Data Tools,AI Data Management Tools,SQL
Aggregator Manager,AI Data Tools,AI Data Management Tools,Data
Aggregator Manager,AI Data Tools,AI Data Management Tools,Data Analytics
Aggregator Manager,AI Data Tools,AI Data Management Tools,Excel
Aggregator Manager,AI Data Tools,AI Data Management Tools,Spreadsheets
Aggregator Manager,AI Data Tools,AI Data Management Tools,SQL
AI Model Trainer,AI Data Tools,AI Data Management Tools,Data
AI Model Trainer,AI Data Tools,AI Data Management Tools,Data Analytics
AI Model Trainer,AI Data Tools,AI Data Management Tools,Excel
AI Model Trainer,AI Data Tools,AI Data Management Tools,Spreadsheets
AI Model Trainer,AI Data Tools,AI Data Management Tools,SQL
AI Researcher,AI Data Tools,AI Data Management Tools,Data
AI Researcher,AI Data Tools,AI Data Management Tools,Data Analytics
AI Researcher,AI Data Tools,AI Data Management Tools,Excel
AI Researcher,AI Data Tools,AI Data Management Tools,Spreadsheets
AI Researcher,AI Data Tools,AI Data Management Tools,SQL
Business Analyst,AI Data Tools,AI Data Management Tools,Data
Business Analyst,AI Data Tools,AI Data Management Tools,Data Analytics
Business Analyst,AI Data Tools,AI Data Management Tools,Excel
Business Analyst,AI Data Tools,AI Data Management Tools,Spreadsheets
Business Analyst,AI Data Tools,AI Data Management Tools,SQL
File Manager Specialist,AI Data Tools,AI Data Management Tools,Data
File Manager Specialist,AI Data Tools,AI Data Management Tools,Data Analytics
File Manager Specialist,AI Data Tools,AI Data Management Tools,Excel
File Manager Specialist,AI Data Tools,AI Data Management Tools,Spreadsheets
File Manager Specialist,AI Data Tools,AI Data Management Tools,SQL
File System Organizer,AI Data Tools,AI Data Management Tools,Data
File System Organizer,AI Data Tools,AI Data Management Tools,Data Analytics
File System Organizer,AI Data Tools,AI Data Management Tools,Excel
File System Organizer,AI Data Tools,AI Data Management Tools,Spreadsheets
File System Organizer,AI Data Tools,AI Data Management Tools,SQL
Financial Analyst,AI Data Tools,AI Data Management Tools,Data
Financial Analyst,AI Data Tools,AI Data Management Tools,Data Analytics
Financial Analyst,AI Data Tools,AI Data Management Tools,Excel
Financial Analyst,AI Data Tools,AI Data Management Tools,Spreadsheets
Financial Analyst,AI Data Tools,AI Data Management Tools,SQL
Detection Systems Analyst,AI Security Tools,AI Detection Tools,AI Detection
Cybersecurity Analyst,AI Security Tools,AI Detection Tools,AI Detection
DevOps Engineer,AI Dev Tools,AI Developer Tools,API
DevOps Engineer,AI Dev Tools,AI Developer Tools,Code Assistant
DevOps Engineer,AI Dev Tools,AI Developer Tools,Coding
DevOps Engineer,AI Dev Tools,AI Developer Tools,Low Code Tools
DevOps Engineer,AI Dev Tools,AI Developer Tools,No Code Tools
DevOps Engineer,AI Dev Tools,AI Developer Tools,Integration
DevOps Engineer,AI Dev Tools,AI Developer Tools,Lab Potion
DevOps Engineer,AI Dev Tools,AI Developer Tools,Programming
Software Developer,AI Dev Tools,AI Developer Tools,API
Software Developer,AI Dev Tools,AI Developer Tools,Code Assistant
Software Developer,AI Dev Tools,AI Developer Tools,Coding
Software Developer,AI Dev Tools,AI Developer Tools,Low Code Tools
Software Developer,AI Dev Tools,AI Developer Tools,No Code Tools
Software Developer,AI Dev Tools,AI Developer Tools,Integration
Software Developer,AI Dev Tools,AI Developer Tools,Lab Potion
Software Developer,AI Dev Tools,AI Developer Tools,Programming
AI Ethics Specialist,AI Dev Tools,AI Developer Tools,API
AI Ethics Specialist,AI Dev Tools,AI Developer Tools,Code Assistant
AI Ethics Specialist,AI Dev Tools,AI Developer Tools,Coding
AI Ethics Specialist,AI Dev Tools,AI Developer Tools,Low Code Tools
AI Ethics Specialist,AI Dev Tools,AI Developer Tools,No Code Tools
AI Ethics Specialist,AI Dev Tools,AI Developer Tools,Integration
AI Ethics Specialist,AI Dev Tools,AI Developer Tools,Lab Potion
AI Ethics Specialist,AI Dev Tools,AI Developer Tools,Programming
Automation Engineer,AI Dev Tools,AI Developer Tools,API
Automation Engineer,AI Dev Tools,AI Developer Tools,Code Assistant
Automation Engineer,AI Dev Tools,AI Developer Tools,Coding
Automation Engineer,AI Dev Tools,AI Developer Tools,Low Code Tools
Automation Engineer,AI Dev Tools,AI Developer Tools,No Code Tools
Automation Engineer,AI Dev Tools,AI Developer Tools,Integration
Automation Engineer,AI Dev Tools,AI Developer Tools,Lab Potion
Automation Engineer,AI Dev Tools,AI Developer Tools,Programming
Autonomous Security Engineer,AI Dev Tools,AI Developer Tools,API
Autonomous Security Engineer,AI Dev Tools,AI Developer Tools,Code Assistant
Autonomous Security Engineer,AI Dev Tools,AI Developer Tools,Coding
Autonomous Security Engineer,AI Dev Tools,AI Developer Tools,Low Code Tools
Autonomous Security Engineer,AI Dev Tools,AI Developer Tools,No Code Tools
Autonomous Security Engineer,AI Dev Tools,AI Developer Tools,Integration
Autonomous Security Engineer,AI Dev Tools,AI Developer Tools,Lab Potion
Autonomous Security Engineer,AI Dev Tools,AI Developer Tools,Programming
Blockchain Developer,AI Dev Tools,AI Developer Tools,API
Blockchain Developer,AI Dev Tools,AI Developer Tools,Code Assistant
Blockchain Developer,AI Dev Tools,AI Developer Tools,Coding
Blockchain Developer,AI Dev Tools,AI Developer Tools,Low Code Tools
Blockchain Developer,AI Dev Tools,AI Developer Tools,No Code Tools
Blockchain Developer,AI Dev Tools,AI Developer Tools,Integration
Blockchain Developer,AI Dev Tools,AI Developer Tools,Lab Potion
Blockchain Developer,AI Dev Tools,AI Developer Tools,Programming
Chatbot Developer,AI Dev Tools,AI Developer Tools,API
Chatbot Developer,AI Dev Tools,AI Developer Tools,Code Assistant
Chatbot Developer,AI Dev Tools,AI Developer Tools,Coding
Chatbot Developer,AI Dev Tools,AI Developer Tools,Low Code Tools
Chatbot Developer,AI Dev Tools,AI Developer Tools,No Code Tools
Chatbot Developer,AI Dev Tools,AI Developer Tools,Integration
Chatbot Developer,AI Dev Tools,AI Developer Tools,Lab Potion
Chatbot Developer,AI Dev Tools,AI Developer Tools,Programming
Game AI Developer,AI Dev Tools,AI Developer Tools,API
Game AI Developer,AI Dev Tools,AI Developer Tools,Code Assistant
Game AI Developer,AI Dev Tools,AI Developer Tools,Coding
Game AI Developer,AI Dev Tools,AI Developer Tools,Low Code Tools
Game AI Developer,AI Dev Tools,AI Developer Tools,No Code Tools
Game AI Developer,AI Dev Tools,AI Developer Tools,Integration
Game AI Developer,AI Dev Tools,AI Developer Tools,Lab Potion
Game AI Developer,AI Dev Tools,AI Developer Tools,Programming
Game Developer,AI Dev Tools,AI Developer Tools,API
Game Developer,AI Dev Tools,AI Developer Tools,Code Assistant
Game Developer,AI Dev Tools,AI Developer Tools,Coding
Game Developer,AI Dev Tools,AI Developer Tools,Low Code Tools
Game Developer,AI Dev Tools,AI Developer Tools,No Code Tools
Game Developer,AI Dev Tools,AI Developer Tools,Integration
Game Developer,AI Dev Tools,AI Developer Tools,Lab Potion
Game Developer,AI Dev Tools,AI Developer Tools,Programming
GitHub Specialist,AI Dev Tools,AI Developer Tools,API
GitHub Specialist,AI Dev Tools,AI Developer Tools,Code Assistant
GitHub Specialist,AI Dev Tools,AI Developer Tools,Coding
GitHub Specialist,AI Dev Tools,AI Developer Tools,Low Code Tools
GitHub Specialist,AI Dev Tools,AI Developer Tools,No Code Tools
GitHub Specialist,AI Dev Tools,AI Developer Tools,Integration
GitHub Specialist,AI Dev Tools,AI Developer Tools,Lab Potion
GitHub Specialist,AI Dev Tools,AI Developer Tools,Programming
No Code Developer,AI Dev Tools,AI Developer Tools,API
No Code Developer,AI Dev Tools,AI Developer Tools,Code Assistant
No Code Developer,AI Dev Tools,AI Developer Tools,Coding
No Code Developer,AI Dev Tools,AI Developer Tools,Low Code Tools
No Code Developer,AI Dev Tools,AI Developer Tools,No Code Tools
No Code Developer,AI Dev Tools,AI Developer Tools,Integration
No Code Developer,AI Dev Tools,AI Developer Tools,Lab Potion
No Code Developer,AI Dev Tools,AI Developer Tools,Programming
Productivity Software Developer,AI Dev Tools,AI Developer Tools,API
Productivity Software Developer,AI Dev Tools,AI Developer Tools,Code Assistant
Productivity Software Developer,AI Dev Tools,AI Developer Tools,Coding
Productivity Software Developer,AI Dev Tools,AI Developer Tools,Low Code Tools
Productivity Software Developer,AI Dev Tools,AI Developer Tools,No Code Tools
Productivity Software Developer,AI Dev Tools,AI Developer Tools,Integration
Productivity Software Developer,AI Dev Tools,AI Developer Tools,Lab Potion
Productivity Software Developer,AI Dev Tools,AI Developer Tools,Programming
AI Model Trainer,AI Dev Tools,AI Developer Tools,API
AI Model Trainer,AI Dev Tools,AI Developer Tools,Code Assistant
AI Model Trainer,AI Dev Tools,AI Developer Tools,Coding
AI Model Trainer,AI Dev Tools,AI Developer Tools,Low Code Tools
AI Model Trainer,AI Dev Tools,AI Developer Tools,No Code Tools
AI Model Trainer,AI Dev Tools,AI Developer Tools,Integration
AI Model Trainer,AI Dev Tools,AI Developer Tools,Lab Potion
AI Model Trainer,AI Dev Tools,AI Developer Tools,Programming
AI Researcher,AI Dev Tools,AI Developer Tools,API
AI Researcher,AI Dev Tools,AI Developer Tools,Code Assistant
AI Researcher,AI Dev Tools,AI Developer Tools,Coding
AI Researcher,AI Dev Tools,AI Developer Tools,Low Code Tools
AI Researcher,AI Dev Tools,AI Developer Tools,No Code Tools
AI Researcher,AI Dev Tools,AI Developer Tools,Integration
AI Researcher,AI Dev Tools,AI Developer Tools,Lab Potion
AI Researcher,AI Dev Tools,AI Developer Tools,Programming
Blockchain Consultant,AI Dev Tools,AI Developer Tools,API
Blockchain Consultant,AI Dev Tools,AI Developer Tools,Code Assistant
Blockchain Consultant,AI Dev Tools,AI Developer Tools,Coding
Blockchain Consultant,AI Dev Tools,AI Developer Tools,Low Code Tools
Blockchain Consultant,AI Dev Tools,AI Developer Tools,No Code Tools
Blockchain Consultant,AI Dev Tools,AI Developer Tools,Integration
Blockchain Consultant,AI Dev Tools,AI Developer Tools,Lab Potion
Blockchain Consultant,AI Dev Tools,AI Developer Tools,Programming
Chatbot Analyst,AI Dev Tools,AI Developer Tools,API
Chatbot Analyst,AI Dev Tools,AI Developer Tools,Code Assistant
Chatbot Analyst,AI Dev Tools,AI Developer Tools,Coding
Chatbot Analyst,AI Dev Tools,AI Developer Tools,Low Code Tools
Chatbot Analyst,AI Dev Tools,AI Developer Tools,No Code Tools
Chatbot Analyst,AI Dev Tools,AI Developer Tools,Integration
Chatbot Analyst,AI Dev Tools,AI Developer Tools,Lab Potion
Chatbot Analyst,AI Dev Tools,AI Developer Tools,Programming
Cybersecurity Trainer,AI Dev Tools,AI Developer Tools,API
Cybersecurity Trainer,AI Dev Tools,AI Developer Tools,Code Assistant
Cybersecurity Trainer,AI Dev Tools,AI Developer Tools,Coding
Cybersecurity Trainer,AI Dev Tools,AI Developer Tools,Low Code Tools
Cybersecurity Trainer,AI Dev Tools,AI Developer Tools,No Code Tools
Cybersecurity Trainer,AI Dev Tools,AI Developer Tools,Integration
Cybersecurity Trainer,AI Dev Tools,AI Developer Tools,Lab Potion
Cybersecurity Trainer,AI Dev Tools,AI Developer Tools,Programming
Data Scientist,AI Dev Tools,AI Developer Tools,API
Data Scientist,AI Dev Tools,AI Developer Tools,Code Assistant
Data Scientist,AI Dev Tools,AI Developer Tools,Coding
Data Scientist,AI Dev Tools,AI Developer Tools,Low Code Tools
Data Scientist,AI Dev Tools,AI Developer Tools,No Code Tools
Data Scientist,AI Dev Tools,AI Developer Tools,Integration
Data Scientist,AI Dev Tools,AI Developer Tools,Lab Potion
Data Scientist,AI Dev Tools,AI Developer Tools,Programming
Legal Tech Consultant,AI Dev Tools,AI Developer Tools,API
Legal Tech Consultant,AI Dev Tools,AI Developer Tools,Code Assistant
Legal Tech Consultant,AI Dev Tools,AI Developer Tools,Coding
Legal Tech Consultant,AI Dev Tools,AI Developer Tools,Low Code Tools
Legal Tech Consultant,AI Dev Tools,AI Developer Tools,No Code Tools
Legal Tech Consultant,AI Dev Tools,AI Developer Tools,Integration
Legal Tech Consultant,AI Dev Tools,AI Developer Tools,Lab Potion
Legal Tech Consultant,AI Dev Tools,AI Developer Tools,Programming
LLM Specialist,AI Dev Tools,AI Developer Tools,API
LLM Specialist,AI Dev Tools,AI Developer Tools,Code Assistant
LLM Specialist,AI Dev Tools,AI Developer Tools,Coding
LLM Specialist,AI Dev Tools,AI Developer Tools,Low Code Tools
LLM Specialist,AI Dev Tools,AI Developer Tools,No Code Tools
LLM Specialist,AI Dev Tools,AI Developer Tools,Integration
LLM Specialist,AI Dev Tools,AI Developer Tools,Lab Potion
LLM Specialist,AI Dev Tools,AI Developer Tools,Programming
E-commerce Analyst,AI Business Tools,AI E-commerce Tools,E-Commerce
E-commerce Analyst,AI Business Tools,AI E-commerce Tools,Marketing
E-commerce Analyst,AI Business Tools,AI E-commerce Tools,Sales
E-commerce Analyst,AI Business Tools,AI E-commerce Tools,Shopify
E-commerce Analyst,AI Business Tools,AI E-commerce Tools,Surveys
E-commerce Manager,AI Business Tools,AI E-commerce Tools,E-Commerce
E-commerce Manager,AI Business Tools,AI E-commerce Tools,Marketing
E-commerce Manager,AI Business Tools,AI E-commerce Tools,Sales
E-commerce Manager,AI Business Tools,AI E-commerce Tools,Shopify
E-commerce Manager,AI Business Tools,AI E-commerce Tools,Surveys
Educational Technologist,AI Learning Tools,AI Educational Tools,Academics
Educational Technologist,AI Learning Tools,AI Educational Tools,Education
Educational Technologist,AI Learning Tools,AI Educational Tools,Education Assistant
Educational Technologist,AI Learning Tools,AI Educational Tools,Language Learning
Cybersecurity Trainer,AI Learning Tools,AI Educational Tools,Academics
Cybersecurity Trainer,AI Learning Tools,AI Educational Tools,Education
Cybersecurity Trainer,AI Learning Tools,AI Educational Tools,Education Assistant
Cybersecurity Trainer,AI Learning Tools,AI Educational Tools,Language Learning
HR Specialist,AI Learning Tools,AI Educational Tools,Academics
HR Specialist,AI Learning Tools,AI Educational Tools,Education
HR Specialist,AI Learning Tools,AI Educational Tools,Education Assistant
HR Specialist,AI Learning Tools,AI Educational Tools,Language Learning
Language Service Provider,AI Learning Tools,AI Educational Tools,Academics
Language Service Provider,AI Learning Tools,AI Educational Tools,Education
Language Service Provider,AI Learning Tools,AI Educational Tools,Education Assistant
Language Service Provider,AI Learning Tools,AI Educational Tools,Language Learning
Language Translator,AI Learning Tools,AI Educational Tools,Academics
Language Translator,AI Learning Tools,AI Educational Tools,Education
Language Translator,AI Learning Tools,AI Educational Tools,Education Assistant
Language Translator,AI Learning Tools,AI Educational Tools,Language Learning
Life Coach,AI Learning Tools,AI Educational Tools,Academics
Life Coach,AI Learning Tools,AI Educational Tools,Education
Life Coach,AI Learning Tools,AI Educational Tools,Education Assistant
Life Coach,AI Learning Tools,AI Educational Tools,Language Learning
Mental Health Therapist,AI Learning Tools,AI Educational Tools,Academics
Mental Health Therapist,AI Learning Tools,AI Educational Tools,Education
Mental Health Therapist,AI Learning Tools,AI Educational Tools,Education Assistant
Mental Health Therapist,AI Learning Tools,AI Educational Tools,Language Learning
Nutritionist,AI Learning Tools,AI Educational Tools,Academics
Nutritionist,AI Learning Tools,AI Educational Tools,Education
Nutritionist,AI Learning Tools,AI Educational Tools,Education Assistant
Nutritionist,AI Learning Tools,AI Educational Tools,Language Learning
Productivity Consultant,AI Learning Tools,AI Educational Tools,Academics
Productivity Consultant,AI Learning Tools,AI Educational Tools,Education
Productivity Consultant,AI Learning Tools,AI Educational Tools,Education Assistant
Productivity Consultant,AI Learning Tools,AI Educational Tools,Language Learning
Email Automation Specialist,AI Social Media,AI Email Tools,Email
Email Automation Specialist,AI Social Media,AI Email Tools,Email Assistant
Email Marketing Specialist,AI Social Media,AI Email Tools,Email
Email Marketing Specialist,AI Social Media,AI Email Tools,Email Assistant
Fashion Designer,AI Design Tools,AI Fashion Design Tools,Fashion
Fashion Designer,AI Design Tools,AI Fashion Design Tools,Clothes
File Manager Specialist,AI Business Tools,AI File Management Tools,Documents
File Manager Specialist,AI Business Tools,AI File Management Tools,Documentation
File Manager Specialist,AI Business Tools,AI File Management Tools,Google Sheet
File Manager Specialist,AI Business Tools,AI File Management Tools,Excel
File Manager Specialist,AI Business Tools,AI File Management Tools,Spreadsheets
File Manager Specialist,AI Business Tools,AI File Management Tools,Online PDF Tools
File System Organizer,AI Business Tools,AI File Management Tools,Documents
File System Organizer,AI Business Tools,AI File Management Tools,Documentation
File System Organizer,AI Business Tools,AI File Management Tools,Google Sheet
File System Organizer,AI Business Tools,AI File Management Tools,Excel
File System Organizer,AI Business Tools,AI File Management Tools,Spreadsheets
File System Organizer,AI Business Tools,AI File Management Tools,Online PDF Tools
Financial Analyst,AI Business Tools,AI Finance & Legal Tools,Legal
Financial Analyst,AI Business Tools,AI Finance & Legal Tools,Legal Assistant
Financial Analyst,AI Business Tools,AI Finance & Legal Tools,Privacy
Financial Analyst,AI Business Tools,AI Finance & Legal Tools,Finance
Financial Analyst,AI Business Tools,AI Finance & Legal Tools,Investing
Legal Advisor,AI Business Tools,AI Finance & Legal Tools,Legal
Legal Advisor,AI Business Tools,AI Finance & Legal Tools,Legal Assistant
Legal Advisor,AI Business Tools,AI Finance & Legal Tools,Privacy
Legal Advisor,AI Business Tools,AI Finance & Legal Tools,Finance
Legal Advisor,AI Business Tools,AI Finance & Legal Tools,Investing
Legal Tech Consultant,AI Business Tools,AI Finance & Legal Tools,Legal
Legal Tech Consultant,AI Business Tools,AI Finance & Legal Tools,Legal Assistant
Legal Tech Consultant,AI Business Tools,AI Finance & Legal Tools,Privacy
Legal Tech Consultant,AI Business Tools,AI Finance & Legal Tools,Finance
Legal Tech Consultant,AI Business Tools,AI Finance & Legal Tools,Investing
Blockchain Consultant,AI Business Tools,AI Finance & Legal Tools,Legal
Blockchain Consultant,AI Business Tools,AI Finance & Legal Tools,Legal Assistant
Blockchain Consultant,AI Business Tools,AI Finance & Legal Tools,Privacy
Blockchain Consultant,AI Business Tools,AI Finance & Legal Tools,Finance
Blockchain Consultant,AI Business Tools,AI Finance & Legal Tools,Investing
Investment Analyst,AI Business Tools,AI Finance & Legal Tools,Legal
Investment Analyst,AI Business Tools,AI Finance & Legal Tools,Legal Assistant
Investment Analyst,AI Business Tools,AI Finance & Legal Tools,Privacy
Investment Analyst,AI Business Tools,AI Finance & Legal Tools,Finance
Investment Analyst,AI Business Tools,AI Finance & Legal Tools,Investing
AI Ethics Specialist,AI Business Tools,AI Finance & Legal Tools,Legal
AI Ethics Specialist,AI Business Tools,AI Finance & Legal Tools,Legal Assistant
AI Ethics Specialist,AI Business Tools,AI Finance & Legal Tools,Privacy
AI Ethics Specialist,AI Business Tools,AI Finance & Legal Tools,Finance
AI Ethics Specialist,AI Business Tools,AI Finance & Legal Tools,Investing
Game AI Developer,AI Entertainment,AI Gaming Tools,Games
Game AI Developer,AI Entertainment,AI Gaming Tools,Gaming
Game Developer,AI Entertainment,AI Gaming Tools,Games
Game Developer,AI Entertainment,AI Gaming Tools,Gaming
GitHub Specialist,AI Dev Tools,AI GitHub Tools,Github
Software Developer,AI Dev Tools,AI GitHub Tools,Github
Graphic Designer,AI Image Tools,AI Image Creation Tools,Image Generator
Graphic Designer,AI Image Tools,AI Image Creation Tools,Upscaling
Graphic Designer,AI Image Tools,AI Image Creation Tools,Text to Image
Graphic Designer,AI Image Tools,AI Image Creation Tools,Art
Graphic Designer,AI Image Tools,AI Image Creation Tools,Content Creation
HR Specialist,AI Business Tools,AI Human Resources Tools,Career
HR Specialist,AI Business Tools,AI Human Resources Tools,Coaching
HR Specialist,AI Business Tools,AI Human Resources Tools,Human Resources
HR Specialist,AI Business Tools,AI Human Resources Tools,Recruitment
HR Specialist,AI Business Tools,AI Human Resources Tools,Resume
Interior Designer,AI Design Tools,AI Interior Design Tools,3D Model
Interior Designer,AI Design Tools,AI Interior Design Tools,Architecture
Interior Designer,AI Design Tools,AI Interior Design Tools,Home Design
Interior Designer,AI Design Tools,AI Interior Design Tools,Interior Design
3D Modeler,AI Design Tools,AI Interior Design Tools,3D Model
3D Modeler,AI Design Tools,AI Interior Design Tools,Architecture
3D Modeler,AI Design Tools,AI Interior Design Tools,Home Design
3D Modeler,AI Design Tools,AI Interior Design Tools,Interior Design
Investment Analyst,AI Finance Tools,AI Investment Tools,Finance
Investment Analyst,AI Finance Tools,AI Investment Tools,Investing
Financial Analyst,AI Finance Tools,AI Investment Tools,Finance
Financial Analyst,AI Finance Tools,AI Investment Tools,Investing
Language Service Provider,AI Language Tools,AI Language Services,Language Learning
Language Translator,AI Language Tools,AI Language Services,Language Learning
Translator,AI Language Tools,AI Language Services,Language Learning
Language Translator,AI Language Tools,AI Translation Tools,Translation
Translator,AI Language Tools,AI Translation Tools,Translation
Language Service Provider,AI Language Tools,AI Translation Tools,Translation
Leisure Activity Coordinator,AI Entertainment,AI Leisure Tools,Astrology
Leisure Activity Coordinator,AI Entertainment,AI Leisure Tools,Cooking
Leisure Activity Coordinator,AI Entertainment,AI Leisure Tools,Food
Leisure Activity Coordinator,AI Entertainment,AI Leisure Tools,Entertainment
Leisure Activity Coordinator,AI Entertainment,AI Leisure Tools,Fun
Leisure Activity Coordinator,AI Entertainment,AI Leisure Tools,Gift Ideas
Leisure Activity Coordinator,AI Entertainment,AI Leisure Tools,Hobbies
Leisure Activity Coordinator,AI Entertainment,AI Leisure Tools,Pets
Leisure Activity Coordinator,AI Entertainment,AI Leisure Tools,Sports
Leisure Activity Coordinator,AI Entertainment,AI Leisure Tools,Beauty
Leisure Activity Coordinator,AI Entertainment,AI Leisure Tools,Face Swap
Music Producer,AI Entertainment,AI Leisure Tools,Astrology
Music Producer,AI Entertainment,AI Leisure Tools,Cooking
Music Producer,AI Entertainment,AI Leisure Tools,Food
Music Producer,AI Entertainment,AI Leisure Tools,Entertainment
Music Producer,AI Entertainment,AI Leisure Tools,Fun
Music Producer,AI Entertainment,AI Leisure Tools,Gift Ideas
Music Producer,AI Entertainment,AI Leisure Tools,Hobbies
Music Producer,AI Entertainment,AI Leisure Tools,Pets
Music Producer,AI Entertainment,AI Leisure Tools,Sports
Music Producer,AI Entertainment,AI Leisure Tools,Beauty
Music Producer,AI Entertainment,AI Leisure Tools,Face Swap
Life Coach,AI Assistants,AI Life Assistant Tools,Assistant
Life Coach,AI Assistants,AI Life Assistant Tools,Agent
Life Coach,AI Assistants,AI Life Assistant Tools,Personal Assistant
Life Coach,AI Assistants,AI Life Assistant Tools,Legal Assistant
Virtual Relationship Advisor,AI Assistants,AI Life Assistant Tools,Assistant
Virtual Relationship Advisor,AI Assistants,AI Life Assistant Tools,Agent
Virtual Relationship Advisor,AI Assistants,AI Life Assistant Tools,Personal Assistant
Virtual Relationship Advisor,AI Assistants,AI Life Assistant Tools,Legal Assistant
Wellness Coach,AI Assistants,AI Life Assistant Tools,Assistant
Wellness Coach,AI Assistants,AI Life Assistant Tools,Agent
Wellness Coach,AI Assistants,AI Life Assistant Tools,Personal Assistant
Wellness Coach,AI Assistants,AI Life Assistant Tools,Legal Assistant
LLM Specialist,AI Utility & Resources,LLMs,LLMs
Logo Designer,AI Design Tools,AI Logo Creation Tools,Logo
Logo Designer,AI Design Tools,AI Logo Creation Tools,Logo Generator
Logo Designer,AI Design Tools,AI Logo Creation Tools,Avatars
Graphic Designer,AI Design Tools,AI Logo Creation Tools,Logo
Graphic Designer,AI Design Tools,AI Logo Creation Tools,Logo Generator
Graphic Designer,AI Design Tools,AI Logo Creation Tools,Avatars
Marketing Automation Expert,AI Business Tools,AI Marketing Tools,Advertising
Marketing Automation Expert,AI Business Tools,AI Marketing Tools,Branding
Marketing Automation Expert,AI Business Tools,AI Marketing Tools,E-Commerce
Marketing Automation Expert,AI Business Tools,AI Marketing Tools,Lead Generation
Marketing Automation Expert,AI Business Tools,AI Marketing Tools,Marketing
Marketing Automation Expert,AI Business Tools,AI Marketing Tools,Sales
Marketing Automation Expert,AI Business Tools,AI Marketing Tools,Surveys
Marketing Manager,AI Business Tools,AI Marketing Tools,Advertising
Marketing Manager,AI Business Tools,AI Marketing Tools,Branding
Marketing Manager,AI Business Tools,AI Marketing Tools,E-Commerce
Marketing Manager,AI Business Tools,AI Marketing Tools,Lead Generation
Marketing Manager,AI Business Tools,AI Marketing Tools,Marketing
Marketing Manager,AI Business Tools,AI Marketing Tools,Sales
Marketing Manager,AI Business Tools,AI Marketing Tools,Surveys
E-commerce Manager,AI Business Tools,AI Marketing Tools,Advertising
E-commerce Manager,AI Business Tools,AI Marketing Tools,Branding
E-commerce Manager,AI Business Tools,AI Marketing Tools,E-Commerce
E-commerce Manager,AI Business Tools,AI Marketing Tools,Lead Generation
E-commerce Manager,AI Business Tools,AI Marketing Tools,Marketing
E-commerce Manager,AI Business Tools,AI Marketing Tools,Sales
E-commerce Manager,AI Business Tools,AI Marketing Tools,Surveys
Email Marketing Specialist,AI Business Tools,AI Marketing Tools,Advertising
Email Marketing Specialist,AI Business Tools,AI Marketing Tools,Branding
Email Marketing Specialist,AI Business Tools,AI Marketing Tools,E-Commerce
Email Marketing Specialist,AI Business Tools,AI Marketing Tools,Lead Generation
Email Marketing Specialist,AI Business Tools,AI Marketing Tools,Marketing
Email Marketing Specialist,AI Business Tools,AI Marketing Tools,Sales
Email Marketing Specialist,AI Business Tools,AI Marketing Tools,Surveys
CRM Specialist,AI Business Tools,AI Marketing Tools,Advertising
CRM Specialist,AI Business Tools,AI Marketing Tools,Branding
CRM Specialist,AI Business Tools,AI Marketing Tools,E-Commerce
CRM Specialist,AI Business Tools,AI Marketing Tools,Lead Generation
CRM Specialist,AI Business Tools,AI Marketing Tools,Marketing
CRM Specialist,AI Business Tools,AI Marketing Tools,Sales
CRM Specialist,AI Business Tools,AI Marketing Tools,Surveys
E-commerce Analyst,AI Business Tools,AI Marketing Tools,Advertising
E-commerce Analyst,AI Business Tools,AI Marketing Tools,Branding
E-commerce Analyst,AI Business Tools,AI Marketing Tools,E-Commerce
E-commerce Analyst,AI Business Tools,AI Marketing Tools,Lead Generation
E-commerce Analyst,AI Business Tools,AI Marketing Tools,Marketing
E-commerce Analyst,AI Business Tools,AI Marketing Tools,Sales
E-commerce Analyst,AI Business Tools,AI Marketing Tools,Surveys
Email Automation Specialist,AI Business Tools,AI Marketing Tools,Advertising
Email Automation Specialist,AI Business Tools,AI Marketing Tools,Branding
Email Automation Specialist,AI Business Tools,AI Marketing Tools,E-Commerce
Email Automation Specialist,AI Business Tools,AI Marketing Tools,Lead Generation
Email Automation Specialist,AI Business Tools,AI Marketing Tools,Marketing
Email Automation Specialist,AI Business Tools,AI Marketing Tools,Sales
Email Automation Specialist,AI Business Tools,AI Marketing Tools,Surveys
Leisure Activity Coordinator,AI Business Tools,AI Marketing Tools,Advertising
Leisure Activity Coordinator,AI Business Tools,AI Marketing Tools,Branding
Leisure Activity Coordinator,AI Business Tools,AI Marketing Tools,E-Commerce
Leisure Activity Coordinator,AI Business Tools,AI Marketing Tools,Lead Generation
Leisure Activity Coordinator,AI Business Tools,AI Marketing Tools,Marketing
Leisure Activity Coordinator,AI Business Tools,AI Marketing Tools,Sales
Leisure Activity Coordinator,AI Business Tools,AI Marketing Tools,Surveys
Logo Designer,AI Business Tools,AI Marketing Tools,Advertising
Logo Designer,AI Business Tools,AI Marketing Tools,Branding
Logo Designer,AI Business Tools,AI Marketing Tools,E-Commerce
Logo Designer,AI Business Tools,AI Marketing Tools,Lead Generation
Logo Designer,AI Business Tools,AI Marketing Tools,Marketing
Logo Designer,AI Business Tools,AI Marketing Tools,Sales
Logo Designer,AI Business Tools,AI Marketing Tools,Surveys
Real Estate Agent,AI Business Tools,AI Marketing Tools,Advertising
Real Estate Agent,AI Business Tools,AI Marketing Tools,Branding
Real Estate Agent,AI Business Tools,AI Marketing Tools,E-Commerce
Real Estate Agent,AI Business Tools,AI Marketing Tools,Lead Generation
Real Estate Agent,AI Business Tools,AI Marketing Tools,Marketing
Real Estate Agent,AI Business Tools,AI Marketing Tools,Sales
Real Estate Agent,AI Business Tools,AI Marketing Tools,Surveys
Sales Representative,AI Business Tools,AI Marketing Tools,Advertising
Sales Representative,AI Business Tools,AI Marketing Tools,Branding
Sales Representative,AI Business Tools,AI Marketing Tools,E-Commerce
Sales Representative,AI Business Tools,AI Marketing Tools,Lead Generation
Sales Representative,AI Business Tools,AI Marketing Tools,Marketing
Sales Representative,AI Business Tools,AI Marketing Tools,Sales
Sales Representative,AI Business Tools,AI Marketing Tools,Surveys
SEO Specialist,AI Business Tools,AI Marketing Tools,Advertising
SEO Specialist,AI Business Tools,AI Marketing Tools,Branding
SEO Specialist,AI Business Tools,AI Marketing Tools,E-Commerce
SEO Specialist,AI Business Tools,AI Marketing Tools,Lead Generation
SEO Specialist,AI Business Tools,AI Marketing Tools,Marketing
SEO Specialist,AI Business Tools,AI Marketing Tools,Sales
SEO Specialist,AI Business Tools,AI Marketing Tools,Surveys
Social Media Manager,AI Business Tools,AI Marketing Tools,Advertising
Social Media Manager,AI Business Tools,AI Marketing Tools,Branding
Social Media Manager,AI Business Tools,AI Marketing Tools,E-Commerce
Social Media Manager,AI Business Tools,AI Marketing Tools,Lead Generation
Social Media Manager,AI Business Tools,AI Marketing Tools,Marketing
Social Media Manager,AI Business Tools,AI Marketing Tools,Sales
Social Media Manager,AI Business Tools,AI Marketing Tools,Surveys
Social Network Analyst,AI Business Tools,AI Marketing Tools,Advertising
Social Network Analyst,AI Business Tools,AI Marketing Tools,Branding
Social Network Analyst,AI Business Tools,AI Marketing Tools,E-Commerce
Social Network Analyst,AI Business Tools,AI Marketing Tools,Lead Generation
Social Network Analyst,AI Business Tools,AI Marketing Tools,Marketing
Social Network Analyst,AI Business Tools,AI Marketing Tools,Sales
Social Network Analyst,AI Business Tools,AI Marketing Tools,Surveys
Travel Consultant,AI Business Tools,AI Marketing Tools,Advertising
Travel Consultant,AI Business Tools,AI Marketing Tools,Branding
Travel Consultant,AI Business Tools,AI Marketing Tools,E-Commerce
Travel Consultant,AI Business Tools,AI Marketing Tools,Lead Generation
Travel Consultant,AI Business Tools,AI Marketing Tools,Marketing
Travel Consultant,AI Business Tools,AI Marketing Tools,Sales
Travel Consultant,AI Business Tools,AI Marketing Tools,Surveys
Travel Technology Specialist,AI Business Tools,AI Marketing Tools,Advertising
Travel Technology Specialist,AI Business Tools,AI Marketing Tools,Branding
Travel Technology Specialist,AI Business Tools,AI Marketing Tools,E-Commerce
Travel Technology Specialist,AI Business Tools,AI Marketing Tools,Lead Generation
Travel Technology Specialist,AI Business Tools,AI Marketing Tools,Marketing
Travel Technology Specialist,AI Business Tools,AI Marketing Tools,Sales
Travel Technology Specialist,AI Business Tools,AI Marketing Tools,Surveys
Mental Health Therapist,AI Health Tools,AI Mental Wellness Tools,Mental Health
Mental Health Therapist,AI Health Tools,AI Mental Wellness Tools,Wellness
Mental Health Therapist,AI Health Tools,AI Mental Wellness Tools,Memory
Life Coach,AI Health Tools,AI Mental Wellness Tools,Mental Health
Life Coach,AI Health Tools,AI Mental Wellness Tools,Wellness
Life Coach,AI Health Tools,AI Mental Wellness Tools,Memory
Wellness Coach,AI Health Tools,AI Mental Wellness Tools,Mental Health
Wellness Coach,AI Health Tools,AI Mental Wellness Tools,Wellness
Wellness Coach,AI Health Tools,AI Mental Wellness Tools,Memory
Virtual Relationship Advisor,AI Health Tools,AI Mental Wellness Tools,Mental Health
Virtual Relationship Advisor,AI Health Tools,AI Mental Wellness Tools,Wellness
Virtual Relationship Advisor,AI Health Tools,AI Mental Wellness Tools,Memory
Music Producer,AI Audio Tools,AI Music Creation Tools,Music
Music Producer,AI Audio Tools,AI Music Creation Tools,Entertainment
Audio Engineer,AI Audio Tools,AI Music Creation Tools,Music
Audio Engineer,AI Audio Tools,AI Music Creation Tools,Entertainment
No Code Developer,AI Dev Tools,AI No Code/Low Code Tools,API
No Code Developer,AI Dev Tools,AI No Code/Low Code Tools,Low Code Tools
No Code Developer,AI Dev Tools,AI No Code/Low Code Tools,No Code Tools
No Code Developer,AI Dev Tools,AI No Code/Low Code Tools,Integration
Nutritionist,AI Health Tools,AI Food & Nutrition Tools,Health
Nutritionist,AI Health Tools,AI Food & Nutrition Tools,Wellness
Nutritionist,AI Health Tools,AI Food & Nutrition Tools,Food
Nutritionist,AI Health Tools,AI Food & Nutrition Tools,Recipe
Nutritionist,AI Health Tools,AI Food & Nutrition Tools,Nutrition
Nutritionist,AI Health Tools,AI Food & Nutrition Tools,Therapy
Presentation Specialist,AI Design Tools,AI Presentation Tools,Presentations
Presentation Specialist,AI Design Tools,AI Presentation Tools,Visualization
Productivity Consultant,AI Productivity,AI Productivity Software,Personal Assistant
Productivity Consultant,AI Productivity,AI Productivity Software,Productivity
Productivity Consultant,AI Productivity,AI Productivity Software,Speech to Text
Productivity Consultant,AI Productivity,AI Productivity Software,Note Taking
Productivity Consultant,AI Productivity,AI Productivity Software,Scheduling
Productivity Consultant,AI Productivity,AI Productivity Software,Analysis
Productivity Software Developer,AI Productivity,AI Productivity Software,Personal Assistant
Productivity Software Developer,AI Productivity,AI Productivity Software,Productivity
Productivity Software Developer,AI Productivity,AI Productivity Software,Speech to Text
Productivity Software Developer,AI Productivity,AI Productivity Software,Note Taking
Productivity Software Developer,AI Productivity,AI Productivity Software,Scheduling
Productivity Software Developer,AI Productivity,AI Productivity Software,Analysis
Project Coordinator,AI Business Tools,AI Project Management Tools,Automation
Project Coordinator,AI Business Tools,AI Project Management Tools,Macros
Project Coordinator,AI Business Tools,AI Project Management Tools,Productivity
Project Coordinator,AI Business Tools,AI Project Management Tools,Project Management
Project Coordinator,AI Business Tools,AI Project Management Tools,Task Management
Project Coordinator,AI Business Tools,AI Project Management Tools,AI Workflow
Project Manager,AI Business Tools,AI Project Management Tools,Automation
Project Manager,AI Business Tools,AI Project Management Tools,Macros
Project Manager,AI Business Tools,AI Project Management Tools,Productivity
Project Manager,AI Business Tools,AI Project Management Tools,Project Management
Project Manager,AI Business Tools,AI Project Management Tools,Task Management
Project Manager,AI Business Tools,AI Project Management Tools,AI Workflow
Real Estate Agent,AI Utility & Resources,AI Real Estate Tools,Real Estate
Real Estate Technology Consultant,AI Utility & Resources,AI Real Estate Tools,Real Estate
Search Engine Analyst,AI Data Tools,AI Search Engine Tools,Search
Search Engine Analyst,AI Data Tools,AI Search Engine Tools,Search Engine
Search Engine Analyst,AI Data Tools,AI Search Engine Tools,Research
Search Engine Analyst,AI Data Tools,AI Search Engine Tools,Online PDF Tools
SEO Specialist,AI Text Tools,AI SEO Writing Tools,Speech to Text
SEO Specialist,AI Text Tools,AI SEO Writing Tools,Writing
SEO Specialist,AI Text Tools,AI SEO Writing Tools,SEO
SEO Specialist,AI Text Tools,AI SEO Writing Tools,Text Generation
SEO Specialist,AI Text Tools,AI SEO Writing Tools,Text-to-video
SEO Specialist,AI Text Tools,AI SEO Writing Tools,Articles
SEO Specialist,AI Text Tools,AI SEO Writing Tools,Blogs
SEO Specialist,AI Text Tools,AI SEO Writing Tools,Blogging
SEO Specialist,AI Text Tools,AI SEO Writing Tools,Visualization
SEO Specialist,AI Text Tools,AI SEO Writing Tools,Content Creation
Search Engine Analyst,AI Text Tools,AI SEO Writing Tools,Speech to Text
Search Engine Analyst,AI Text Tools,AI SEO Writing Tools,Writing
Search Engine Analyst,AI Text Tools,AI SEO Writing Tools,SEO
Search Engine Analyst,AI Text Tools,AI SEO Writing Tools,Text Generation
Search Engine Analyst,AI Text Tools,AI SEO Writing Tools,Text-to-video
Search Engine Analyst,AI Text Tools,AI SEO Writing Tools,Articles
Search Engine Analyst,AI Text Tools,AI SEO Writing Tools,Blogs
Search Engine Analyst,AI Text Tools,AI SEO Writing Tools,Blogging
Search Engine Analyst,AI Text Tools,AI SEO Writing Tools,Visualization
Search Engine Analyst,AI Text Tools,AI SEO Writing Tools,Content Creation
Content Writer,AI Text Tools,AI SEO Writing Tools,Speech to Text
Content Writer,AI Text Tools,AI SEO Writing Tools,Writing
Content Writer,AI Text Tools,AI SEO Writing Tools,SEO
Content Writer,AI Text Tools,AI SEO Writing Tools,Text Generation
Content Writer,AI Text Tools,AI SEO Writing Tools,Text-to-video
Content Writer,AI Text Tools,AI SEO Writing Tools,Articles
Content Writer,AI Text Tools,AI SEO Writing Tools,Blogs
Content Writer,AI Text Tools,AI SEO Writing Tools,Blogging
Content Writer,AI Text Tools,AI SEO Writing Tools,Visualization
Content Writer,AI Text Tools,AI SEO Writing Tools,Content Creation
Social Media Manager,AI Social Media,AI Social Networking Tools,Instagram
Social Media Manager,AI Social Media,AI Social Networking Tools,Linkedin
Social Media Manager,AI Social Media,AI Social Networking Tools,Twitter
Social Media Manager,AI Social Media,AI Social Networking Tools,Youtube
Social Media Manager,AI Social Media,AI Social Networking Tools,Social Media
Social Media Manager,AI Social Media,AI Social Networking Tools,Social Network
Social Media Manager,AI Social Media,AI Social Networking Tools,TikTok
Social Network Analyst,AI Social Media,AI Social Networking Tools,Instagram
Social Network Analyst,AI Social Media,AI Social Networking Tools,Linkedin
Social Network Analyst,AI Social Media,AI Social Networking Tools,Twitter
Social Network Analyst,AI Social Media,AI Social Networking Tools,Youtube
Social Network Analyst,AI Social Media,AI Social Networking Tools,Social Media
Social Network Analyst,AI Social Media,AI Social Networking Tools,Social Network
Social Network Analyst,AI Social Media,AI Social Networking Tools,TikTok
Marketing Manager,AI Social Media,AI Social Networking Tools,Instagram
Marketing Manager,AI Social Media,AI Social Networking Tools,Linkedin
Marketing Manager,AI Social Media,AI Social Networking Tools,Twitter
Marketing Manager,AI Social Media,AI Social Networking Tools,Youtube
Marketing Manager,AI Social Media,AI Social Networking Tools,Social Media
Marketing Manager,AI Social Media,AI Social Networking Tools,Social Network
Marketing Manager,AI Social Media,AI Social Networking Tools,TikTok
Storyteller,AI Text Tools,AI Storytelling Tools,Story
Storyteller,AI Text Tools,AI Storytelling Tools,Story Teller
Storyteller,AI Text Tools,AI Storytelling Tools,Storytelling Generator
Voiceover Artist,AI Text Tools,AI Storytelling Tools,Story
Voiceover Artist,AI Text Tools,AI Storytelling Tools,Story Teller
Voiceover Artist,AI Text Tools,AI Storytelling Tools,Storytelling Generator
Travel Consultant,AI Utility & Resources,AI Travel Tools,Mobility
Travel Consultant,AI Utility & Resources,AI Travel Tools,Travel
Travel Technology Specialist,AI Utility & Resources,AI Travel Tools,Mobility
Travel Technology Specialist,AI Utility & Resources,AI Travel Tools,Travel
UI/UX Designer,AI Web Design,AI UI/UX Tools,UI/UX
UI/UX Designer,AI Web Design,AI UI/UX Tools,Figma
UI/UX Designer,AI Web Design,AI UI/UX Tools,Product Management
UI/UX Designer,AI Web Design,AI UI/UX Tools,Product Design
UI/UX Designer,AI Web Design,AI UI/UX Tools,Visualization
UI/UX Designer,AI Web Design,AI UI/UX Tools,Avatars
UI/UX Researcher,AI Web Design,AI UI/UX Tools,UI/UX
UI/UX Researcher,AI Web Design,AI UI/UX Tools,Figma
UI/UX Researcher,AI Web Design,AI UI/UX Tools,Product Management
UI/UX Researcher,AI Web Design,AI UI/UX Tools,Product Design
UI/UX Researcher,AI Web Design,AI UI/UX Tools,Visualization
UI/UX Researcher,AI Web Design,AI UI/UX Tools,Avatars
Web Designer,AI Web Design,AI UI/UX Tools,UI/UX
Web Designer,AI Web Design,AI UI/UX Tools,Figma
Web Designer,AI Web Design,AI UI/UX Tools,Product Management
Web Designer,AI Web Design,AI UI/UX Tools,Product Design
Web Designer,AI Web Design,AI UI/UX Tools,Visualization
Web Designer,AI Web Design,AI UI/UX Tools,Avatars
Video Editor,AI Video Tools,AI Video Editing Software,Video Editing
Audio Engineer,AI Video Tools,AI Video Editing Software,Video Editing
Virtual Relationship Advisor,AI Entertainment,AI Virtual Relationship Tools,Dating
Virtual Relationship Advisor,AI Entertainment,AI Virtual Relationship Tools,Virtual Relationships
Voiceover Artist,AI Audio Tools,AI Voice Reading Software,Text to Speech
Voiceover Artist,AI Audio Tools,AI Voice Reading Software,Voice
Web Designer,AI Web Design,AI Web Design Tools,Coding
Web Designer,AI Web Design,AI Web Design Tools,Low Code Tools
Web Designer,AI Web Design,AI Web Design Tools,No Code Tools
Web Designer,AI Web Design,AI Web Design Tools,Code Assistant
Web Designer,AI Web Design,AI Web Design Tools,Web
Web Designer,AI Web Design,AI Web Design Tools,Web Scraping
Web Designer,AI Web Design,AI Web Design Tools,Web Design
Web Designer,AI Web Design,AI Web Design Tools,Web Forms
Web Designer,AI Web Design,AI Web Design Tools,Website Builders
Web Designer,AI Web Design,AI Web Design Tools,Landing Pages
Web Designer,AI Web Design,AI Web Design Tools,Surveys
Web Designer,AI Web Design,AI Web Design Tools,Visualization
Web Designer,AI Web Design,AI Web Design Tools,Avatars
SEO Specialist,AI Web Design,AI Web Design Tools,Coding
SEO Specialist,AI Web Design,AI Web Design Tools,Low Code Tools
SEO Specialist,AI Web Design,AI Web Design Tools,No Code Tools
SEO Specialist,AI Web Design,AI Web Design Tools,Code Assistant
SEO Specialist,AI Web Design,AI Web Design Tools,Web
SEO Specialist,AI Web Design,AI Web Design Tools,Web Scraping
SEO Specialist,AI Web Design,AI Web Design Tools,Web Design
SEO Specialist,AI Web Design,AI Web Design Tools,Web Forms
SEO Specialist,AI Web Design,AI Web Design Tools,Website Builders
SEO Specialist,AI Web Design,AI Web Design Tools,Landing Pages
SEO Specialist,AI Web Design,AI Web Design Tools,Surveys
SEO Specialist,AI Web Design,AI Web Design Tools,Visualization
SEO Specialist,AI Web Design,AI Web Design Tools,Avatars
UI/UX Designer,AI Web Design,AI Web Design Tools,Coding
UI/UX Designer,AI Web Design,AI Web Design Tools,Low Code Tools
UI/UX Designer,AI Web Design,AI Web Design Tools,No Code Tools
UI/UX Designer,AI Web Design,AI Web Design Tools,Code Assistant
UI/UX Designer,AI Web Design,AI Web Design Tools,Web
UI/UX Designer,AI Web Design,AI Web Design Tools,Web Scraping
UI/UX Designer,AI Web Design,AI Web Design Tools,Web Design
UI/UX Designer,AI Web Design,AI Web Design Tools,Web Forms
UI/UX Designer,AI Web Design,AI Web Design Tools,Website Builders
UI/UX Designer,AI Web Design,AI Web Design Tools,Landing Pages
UI/UX Designer,AI Web Design,AI Web Design Tools,Surveys
UI/UX Designer,AI Web Design,AI Web Design Tools,Visualization
UI/UX Designer,AI Web Design,AI Web Design Tools,Avatars
UI/UX Researcher,AI Web Design,AI Web Design Tools,Coding
UI/UX Researcher,AI Web Design,AI Web Design Tools,Low Code Tools
UI/UX Researcher,AI Web Design,AI Web Design Tools,No Code Tools
UI/UX Researcher,AI Web Design,AI Web Design Tools,Code Assistant
UI/UX Researcher,AI Web Design,AI Web Design Tools,Web
UI/UX Researcher,AI Web Design,AI Web Design Tools,Web Scraping
UI/UX Researcher,AI Web Design,AI Web Design Tools,Web Design
UI/UX Researcher,AI Web Design,AI Web Design Tools,Web Forms
UI/UX Researcher,AI Web Design,AI Web Design Tools,Website Builders
UI/UX Researcher,AI Web Design,AI Web Design Tools,Landing Pages
UI/UX Researcher,AI Web Design,AI Web Design Tools,Surveys
UI/UX Researcher,AI Web Design,AI Web Design Tools,Visualization
UI/UX Researcher,AI Web Design,AI Web Design Tools,Avatars
No Code Developer,AI Web Design,AI Web Design Tools,Coding
No Code Developer,AI Web Design,AI Web Design Tools,Low Code Tools
No Code Developer,AI Web Design,AI Web Design Tools,No Code Tools
No Code Developer,AI Web Design,AI Web Design Tools,Code Assistant
No Code Developer,AI Web Design,AI Web Design Tools,Web
No Code Developer,AI Web Design,AI Web Design Tools,Web Scraping
No Code Developer,AI Web Design,AI Web Design Tools,Web Design
No Code Developer,AI Web Design,AI Web Design Tools,Web Forms
No Code Developer,AI Web Design,AI Web Design Tools,Website Builders
No Code Developer,AI Web Design,AI Web Design Tools,Landing Pages
No Code Developer,AI Web Design,AI Web Design Tools,Surveys
No Code Developer,AI Web Design,AI Web Design Tools,Visualization
No Code Developer,AI Web Design,AI Web Design Tools,Avatars
Wellness Coach,AI Health Tools,AI Body Wellness Tools,Health
Wellness Coach,AI Health Tools,AI Body Wellness Tools,Fitness
Wellness Coach,AI Health Tools,AI Body Wellness Tools,Medical
Wellness Coach,AI Health Tools,AI Body Wellness Tools,Wellness
Chatbot Analyst,AI Data Tools,AI Data Analysis Tools,Data
Chatbot Analyst,AI Data Tools,AI Data Analysis Tools,Data Analytics
Chatbot Analyst,AI Data Tools,AI Data Analysis Tools,Analysis
Chatbot Analyst,AI Data Tools,AI Data Analysis Tools,Predictive Analytics
Detection Systems Analyst,AI Data Tools,AI Data Analysis Tools,Data
Detection Systems Analyst,AI Data Tools,AI Data Analysis Tools,Data Analytics
Detection Systems Analyst,AI Data Tools,AI Data Analysis Tools,Analysis
Detection Systems Analyst,AI Data Tools,AI Data Analysis Tools,Predictive Analytics
E-commerce Analyst,AI Data Tools,AI Data Analysis Tools,Data
E-commerce Analyst,AI Data Tools,AI Data Analysis Tools,Data Analytics
E-commerce Analyst,AI Data Tools,AI Data Analysis Tools,Analysis
E-commerce Analyst,AI Data Tools,AI Data Analysis Tools,Predictive Analytics
Social Network Analyst,AI Data Tools,AI Data Analysis Tools,Data
Social Network Analyst,AI Data Tools,AI Data Analysis Tools,Data Analytics
Social Network Analyst,AI Data Tools,AI Data Analysis Tools,Analysis
Social Network Analyst,AI Data Tools,AI Data Analysis Tools,Predictive Analytics
Investment Analyst,AI Data Tools,AI Data Analysis Tools,Data
Investment Analyst,AI Data Tools,AI Data Analysis Tools,Data Analytics
Investment Analyst,AI Data Tools,AI Data Analysis Tools,Analysis
Investment Analyst,AI Data Tools,AI Data Analysis Tools,Predictive Analytics
Search Engine Analyst,AI Data Tools,AI Data Analysis Tools,Data
Search Engine Analyst,AI Data Tools,AI Data Analysis Tools,Data Analytics
Search Engine Analyst,AI Data Tools,AI Data Analysis Tools,Analysis
Search Engine Analyst,AI Data Tools,AI Data Analysis Tools,Predictive Analytics
Content Writer,AI Text Tools,AI Summarization Tools,Summarization
Content Writer,AI Text Tools,AI Summarization Tools,Summarizer
Educational Technologist,AI Learning Tools,AI E-learning Tools,Education
Educational Technologist,AI Learning Tools,AI E-learning Tools,Education Assistant
Educational Technologist,AI Learning Tools,AI E-learning Tools,Academics
Educational Technologist,AI Learning Tools,AI E-learning Tools,Research
Educational Technologist,AI Learning Tools,AI E-learning Tools,Online PDF Tools
Educational Technologist,AI Learning Tools,AI E-learning Tools,Language Learning
Fashion Designer,AI Image Tools,AI Image Editing Software,Image Editing
Fashion Designer,AI Image Tools,AI Image Editing Software,Upscaling
Fashion Designer,AI Image Tools,AI Image Editing Software,Content Creation
Graphic Designer,AI Image Tools,AI Image Editing Software,Image Editing
Graphic Designer,AI Image Tools,AI Image Editing Software,Upscaling
Graphic Designer,AI Image Tools,AI Image Editing Software,Content Creation
Leisure Activity Coordinator,AI Entertainment,AI Event Planning Tools,Dating
Leisure Activity Coordinator,AI Entertainment,AI Event Planning Tools,Entertainment
Leisure Activity Coordinator,AI Entertainment,AI Event Planning Tools,Assistant
Logo Designer,AI Image Tools,AI Graphic Design Tools,Image Editing
Logo Designer,AI Image Tools,AI Graphic Design Tools,Graphics
Logo Designer,AI Image Tools,AI Graphic Design Tools,Content Creation
Presentation Specialist,AI Image Tools,AI Graphic Design Tools,Image Editing
Presentation Specialist,AI Image Tools,AI Graphic Design Tools,Graphics
Presentation Specialist,AI Image Tools,AI Graphic Design Tools,Content Creation
Game Developer,AI Image Tools,AI Graphic Design Tools,Image Editing
Game Developer,AI Image Tools,AI Graphic Design Tools,Graphics
Game Developer,AI Image Tools,AI Graphic Design Tools,Content Creation
UI/UX Designer,AI Image Tools,AI Graphic Design Tools,Image Editing
UI/UX Designer,AI Image Tools,AI Graphic Design Tools,Graphics
UI/UX Designer,AI Image Tools,AI Graphic Design Tools,Content Creation
Web Designer,AI Image Tools,AI Graphic Design Tools,Image Editing
Web Designer,AI Image Tools,AI Graphic Design Tools,Graphics
Web Designer,AI Image Tools,AI Graphic Design Tools,Content Creation
Mental Health Therapist,AI Health Tools,AI Health & Wellness Tools,Health
Mental Health Therapist,AI Health Tools,AI Health & Wellness Tools,Fitness
Mental Health Therapist,AI Health Tools,AI Health & Wellness Tools,Medical
Mental Health Therapist,AI Health Tools,AI Health & Wellness Tools,Wellness
Nutritionist,AI Health Tools,AI Health & Wellness Tools,Health
Nutritionist,AI Health Tools,AI Health & Wellness Tools,Fitness
Nutritionist,AI Health Tools,AI Health & Wellness Tools,Medical
Nutritionist,AI Health Tools,AI Health & Wellness Tools,Wellness
Sales Representative,AI Business Tools,AI Sales Automation Tools,Sales
Sales Representative,AI Business Tools,AI Sales Automation Tools,Shopify
Sales Representative,AI Business Tools,AI Sales Automation Tools,Automation
Sales Representative,AI Business Tools,AI Sales Automation Tools,Business
Social Media Manager,AI Social Media,AI Social Media Chatbots,Chat
Social Media Manager,AI Social Media,AI Social Media Chatbots,Chatbot
Social Media Manager,AI Social Media,AI Social Media Chatbots,Customer Support
Social Media Manager,AI Social Media,AI Social Media Chatbots,Support Team
Social Media Manager,AI Social Media,AI Social Media Chatbots,TikTok
Storyteller,AI Social Media,AI Social Media Chatbots,Chat
Storyteller,AI Social Media,AI Social Media Chatbots,Chatbot
Storyteller,AI Social Media,AI Social Media Chatbots,Customer Support
Storyteller,AI Social Media,AI Social Media Chatbots,Support Team
Storyteller,AI Social Media,AI Social Media Chatbots,TikTok
Software Developer,AI Dev Tools,AI Coding Assistants,Coding
Software Developer,AI Dev Tools,AI Coding Assistants,Code Assistant
Automation Engineer,AI Dev Tools,AI Coding Assistants,Coding
Automation Engineer,AI Dev Tools,AI Coding Assistants,Code Assistant
Blockchain Developer,AI Dev Tools,AI Coding Assistants,Coding
Blockchain Developer,AI Dev Tools,AI Coding Assistants,Code Assistant
Chatbot Developer,AI Dev Tools,AI Coding Assistants,Coding
Chatbot Developer,AI Dev Tools,AI Coding Assistants,Code Assistant
DevOps Engineer,AI Dev Tools,AI Coding Assistants,Coding
DevOps Engineer,AI Dev Tools,AI Coding Assistants,Code Assistant
Game AI Developer,AI Dev Tools,AI Coding Assistants,Coding
Game AI Developer,AI Dev Tools,AI Coding Assistants,Code Assistant
GitHub Specialist,AI Dev Tools,AI Coding Assistants,Coding
GitHub Specialist,AI Dev Tools,AI Coding Assistants,Code Assistant
Productivity Software Developer,AI Dev Tools,AI Coding Assistants,Coding
Productivity Software Developer,AI Dev Tools,AI Coding Assistants,Code Assistant
Storyteller,AI Video Tools,AI Video Generation Tools,Animation
Storyteller,AI Video Tools,AI Video Generation Tools,Personalized Videos
Storyteller,AI Video Tools,AI Video Generation Tools,Video Generator
Storyteller,AI Video Tools,AI Video Generation Tools,Text-to-video
Video Editor,AI Video Tools,AI Video Generation Tools,Animation
Video Editor,AI Video Tools,AI Video Generation Tools,Personalized Videos
Video Editor,AI Video Tools,AI Video Generation Tools,Video Generator
Video Editor,AI Video Tools,AI Video Generation Tools,Text-to-video
3D Modeler,AI Design Tools,AI Art Creation Tools,Anime
3D Modeler,AI Design Tools,AI Art Creation Tools,Art
3D Modeler,AI Design Tools,AI Art Creation Tools,Graphics
3D Modeler,AI Design Tools,AI Art Creation Tools,Photography
Fashion Designer,AI Design Tools,AI Art Creation Tools,Anime
Fashion Designer,AI Design Tools,AI Art Creation Tools,Art
Fashion Designer,AI Design Tools,AI Art Creation Tools,Graphics
Fashion Designer,AI Design Tools,AI Art Creation Tools,Photography
Interior Designer,AI Design Tools,AI Art Creation Tools,Anime
Interior Designer,AI Design Tools,AI Art Creation Tools,Art
Interior Designer,AI Design Tools,AI Art Creation Tools,Graphics
Interior Designer,AI Design Tools,AI Art Creation Tools,Photography
Translator,AI Assistants,AI Global Communication Tools,Translation
Translator,AI Assistants,AI Global Communication Tools,Business
Translator,AI Assistants,AI Global Communication Tools,Career
Translator,AI Assistants,AI Global Communication Tools,Communication
Translator,AI Assistants,AI Global Communication Tools,Documentation
Translator,AI Assistants,AI Global Communication Tools,Entrepreneurship
Translator,AI Assistants,AI Global Communication Tools,Lead Generation